asv_id,kingdom,phylum,class,order,family,genus,species
TACGGAGGGTGCAAGCGTTAATCGGAATTA...,Bacteria,Proteobacteria,Gammaproteobacteria,Alteromonadales,Alteromonadaceae,Marinimicrobium,
TACGGAGTGTGCAAGCGTTACTCGGAATCA...,Bacteria,Planctomycetes,028H05-P-BN-P5,,,,
TACGAGAGGTCCAAACGTTATTCGGAATTA...,Bacteria,Planctomycetes,Planctomycetia,Pirellulales,Pirellulaceae,,
TACGTAGGTGGCAAGCGTTATCCGGAATTA...,Bacteria,Firmicutes,,,,,
TACGGAAGGTCCGGGCGTTATCCGGATTTA...,Bacteria,Bacteroidetes,Bacteroidia,Bacteroidales,[Paraprevotellaceae],,
TACGAGGGGTGCAAACGTTATTCGGAATGA...,Bacteria,TM6,SJA-4,,,,
TACGGAGGGTGCAAGCGTTATCCGGAATCA...,Bacteria,,,,,,
TACAGACGGTCCAAACGTTATTCGGAATTA...,Bacteria,Planctomycetes,Planctomycetia,Pirellulales,Pirellulaceae,Pirellula,
TACGAGGGGGGCTAGCGTTGTTCGGATTTA...,Bacteria,,,,,,
GACGAAGGTGGCAAGCGTTGTTCGGTATTA...,Bacteria,Planctomycetes,Phycisphaerae,MSBL9,,,
TACGTAGGGGGCAAGCGTTGTCCGGAATCA...,Bacteria,Actinobacteria,Thermoleophilia,Solirubrobacterales,,,
TACAGAGGGTGCGAGCGTTGTTCGGAATTA...,Bacteria,Gemmatimonadetes,Gemm-3,,,,
TACGTAGGGTGCGAGCGTTACTCGGATTTA...,Bacteria,Proteobacteria,,,,,
TACGGAGGGTGCGAGCGTTGTTCGGAATCA...,Bacteria,Proteobacteria,Deltaproteobacteria,Desulfobacterales,Desulfobulbaceae,,
TACGGAGGGGGCAAGCGTTGCTCGGAGTTA...,Bacteria,,,,,,
GACGGAGGGGGCTAGCGTTGTTCGGAATTA...,Bacteria,Proteobacteria,Alphaproteobacteria,,,,
TACGGAGGGTGCAAGCGTTGTTCGGAATTA...,Bacteria,Proteobacteria,Deltaproteobacteria,,,,
TACGGAGGGTGCAAGCGTTGTTCGGAATTA...,Bacteria,Proteobacteria,Deltaproteobacteria,Syntrophobacterales,Syntrophorhabdaceae,,
AACGTAGGACGCAAGCGTTATCCGGATTTA...,Bacteria,Chloroflexi,Anaerolineae,,,,
TACGTAGGGGGCAAGCGTTACCCGGATTTA...,Bacteria,,,,,,
